<?xml version="1.0" encoding="utf-8" ?>
<!DOCTYPE article PUBLIC "-//NLM//DTD JATS (Z39.96) Journal Archiving
and Interchange DTD v1.2 20190208//EN" "JATS-archivearticle1.dtd">

<article xmlns:mml="http://www.w3.org/1998/Math/MathML" xmlns:xlink="http://www.w3.org/1999/xlink" dtd-version="1.2" article-type="other">

<front>


<article-meta>


<title-group>
<article-title>Best practices to mobilize salmon data—a practical guide
for salmon biologists assuming responsibility for data
stewardship</article-title>
</title-group>

<contrib-group>
<contrib contrib-type="author" corresp="yes">
<name>
<surname>Johnson</surname>
<given-names>Brett</given-names>
</name>
<string-name>Brett Johnson</string-name>

<role vocab="https://credit.niso.org" vocab-term="writing – original
draft" vocab-term-identifier="https://credit.niso.org/contributor-roles/writing-original-draft/">writing</role>
<xref ref-type="aff" rid="aff-1">a</xref>
<xref ref-type="corresp" rid="cor-1">&#x002A;</xref>
</contrib>
</contrib-group>
<aff id="aff-1">
<institution-wrap>
<institution>Fisheries and Oceans Canada</institution>
</institution-wrap>







</aff>
<author-notes>
<corresp id="cor-1"></corresp>
</author-notes>









<history></history>






</article-meta>

</front>

<body>
<p>Brett Johnson<sup>1</sup>, Scott Akenhead, Jennifer
Bayer<sup>2</sup>, Tomas Bird<sup>1</sup>, Samuel Cimino<sup>2</sup>,
Minh Doan<sup>1</sup>, Lara Erikson<sup>3</sup>, Nancy
Leonard<sup>3</sup>, Catherine Michielsens<sup>6</sup>, Fiona
Martens<sup>6</sup>, Emily Lescak<sup>4</sup>, Matt Jones?<sup>5</sup>,
Shirly Stephen-Ambrose<sup>5</sup>?, Your name here</p>
<p>1. Fisheries and Oceans Canada</p>
<p>2. U.S. Geological Survey</p>
<p>3. Pacific States Marine Fisheries Commission</p>
<p>4. University of Alaska Fairbanks</p>
<p>5. National Centre of Ecological Analysis and Synthesis</p>
<p>6. Pacific Salmon Commission</p>
<p>corresponding author: Brett Johnson (Brett.Johnson@dfo-mpo.gc.ca)</p>
<p><bold>Keywords:</bold> Salmon data stewardship, Data
interoperability, FAIR principles, Persistent identifiers (PIDs),
Controlled vocabularies, Metadata standards, Application Programming
Interface (API), Data citation, Ontology development</p>
<sec id="abstract">
  <title>Abstract</title>
  <p>Salmon research, management and conservation generates increasingly
  vast and diverse data crucial for effective decision making for
  resource management. Yet, these resources remain largely fragmented
  across jurisdictions, disciplines and outdated infrastructures,
  limiting their use in responsive fisheries management. Biologists are
  increasingly assuming the responsibilities of data stewards to address
  these challenges, yet often lack clear guidance or institutional
  support to do so. We provide practical guidance for those
  transitioning into these essential stewardship roles, outlining
  actionable best practices specific to the salmon research and
  management domain, and argue that effective salmon management hinges
  upon formally establishing data stewardship as a dedicated,
  institutionally supported professional role. We outline key best
  practices —including both socio-cultural and technical solutions that
  collectively ensure salmon data meet FAIR (Findable, Accessible,
  Interoperable, Reusable) principles and respect Indigenous Data
  Sovereignty. Through an illustrative case study involving sockeye
  salmon productivity analyses across Pacific Coast jurisdictions, we
  highlight how clearly defined stewardship practices can enhance data
  reproducibility, integration, and management efficacy. With a
  foundation of shared best practices, salmon data stewards will enable
  faster, more transparent decisions that draw from broader,
  cross-jurisdictional datasets, and support development of tools that
  leverage recent advances in artificial intelligence—ultimately
  strengthening the management and conservation of salmon
  populations.</p>
</sec>
<sec id="introduction">
  <title>INTRODUCTION</title>
  <p>Salmon biologists generate vast amounts of data on abundance,
  health, and environmental conditions, yet these data remain
  fragmented, inconsistently measured, and often incomplete across time,
  space, and life history stages—limiting their value for robust
  research, hypothesis evaluation, and management decision-making
  (<xref alt="Marmorek et al. 2011" rid="ref-marmorek2011" ref-type="bibr">Marmorek
  et al. 2011</xref>;
  <xref alt="Inman et al. 2021" rid="ref-inman2021" ref-type="bibr">Inman
  et al. 2021</xref>;
  <xref alt="diack2024?" rid="ref-diack2024" ref-type="bibr"><bold>diack2024?</bold></xref>).
  Salmon traverse multiple ecological regions and jurisdictional
  boundaries, resulting in data collections managed by diverse agencies
  and institutions, often in isolation. This fragmented data landscape
  undermines timely, integrated analyses necessary for effective
  management and conservation decisions. Additionally, the lack of
  institutional support and dedicated roles for data management
  frequently relegates critical data stewardship tasks to an ad hoc
  status—something performed off the side of a biologist’s desk.
  Institutional neglect of formal data stewardship has become a
  bottleneck in adaptive salmon management and conservation efforts.</p>
  <p>The growing complexity of fisheries management, combined with
  escalating environmental uncertainties due to climate change, demands
  rapid, integrated, and robust data analyses
  (<xref alt="Bull et al. 2022" rid="ref-bull2022" ref-type="bibr">Bull
  et al. 2022</xref>). Yet salmon biologists transitioning into data
  stewardship roles typically receive insufficient guidance or
  institutional support. We argue that fisheries management agencies
  must formally acknowledge and fund dedicated data stewardship roles to
  effectively mobilize and leverage salmon data. Without this
  institutional commitment, data remain inaccessible and fragmented,
  severely constraining the responsiveness and adaptability of
  management actions. To address these critical shortcomings, we outline
  practical steps that biologists, agencies and organizations can
  adopt.</p>
</sec>
<sec id="the-problem">
  <title>THE PROBLEM</title>
  <p>Effective integration and mobilization of salmon data mirrors the
  complexity of salmon biology itself: these fish traverse freshwater,
  estuarine, and marine ecosystems, crossing provincial, state, tribal,
  federal, and international management boundaries
  (<xref alt="Groot and Margolis 1991" rid="ref-groot1991" ref-type="bibr">Groot
  and Margolis 1991</xref>). While localized successes in data
  coordination exist—particularly within regional fisheries management
  offices and treaty commissions—salmon data integrated across agencies
  for each phase of the salmon life cycle is rare and prohibitively
  expensive for all but the most pressing challenges. Most salmon
  datasets remain confined within institutional silos, often
  undocumented, stored in outdated systems, or formatted according to
  internal standards that are incompatible with broader integration
  efforts. As a result, long-term datasets critical to stock assessment
  and environmental monitoring frequently become inaccessible, poorly
  understood, or effectively lost once original data holders retire or
  move on.</p>
  <p>This fragmentation is compounded by the number of disciplines and
  organizations involved. Geneticists, oceanographers, freshwater
  ecologists, stock assessment biologists, and fisheries managers all
  contribute data using their own field-specific conventions and
  workflows. Meanwhile, data is distributed across federal, state,
  provincial, tribal, and academic institutions—each with its own
  mandates, technologies, and metadata requirements. Many salmon
  data-holding organizations rely on aging infrastructure or opaque,
  undocumented standards that lag behind modern open-science practices.
  This tangle of disciplinary and institutional fragmentation slows
  integration, hinders reproducibility, and delays analyses that could
  otherwise inform time-sensitive management decisions. Modernizing
  these systems will require coordinated investment, grounded in shared
  international data standards and stewardship practices that
  accommodate the full disciplinary and geographic diversity of salmon
  science.</p>
  <p>The consequences of inaction are already visible. When critical
  datasets are hard to find, access, or interpret, biologists and
  analysts lose valuable time trying to reconstruct or harmonize them.
  This reduces transparency, increases the risk of errors, and delays
  urgent conservation or management responses. Without clear
  accountability for data stewardship, the system continues to rely on
  improvised, inconsistent, and ultimately unsustainable practices.</p>
</sec>
<sec id="the-need-for-coordinated-action">
  <title>THE NEED FOR COORDINATED ACTION</title>
  <p>For fisheries managers, modernizing data systems and workflows is
  essential to improve the quality, speed, and interoperability of
  operational data assets. These systems must support an increasingly
  complex decision-making landscape that now depends on integrating
  broader types and sources of data, often in real time. At the same
  time, researchers face pressure to generate insights on future salmon
  abundance, the impacts of changing environmental conditions, and the
  effectiveness of restoration strategies across all salmon life stages.
  Yet the current scattered and siloed data landscape remains unfit for
  purpose—both for science and for management.</p>
  <p>Despite operating under different mandates, both researchers and
  managers struggle to align their data with community-agreed principles
  such as FAIR (Findable, Accessible, Interoperable, and Reusable)
  (<xref alt="Wilkinson et al. 2016" rid="ref-wilkinson2016" ref-type="bibr">Wilkinson
  et al. 2016</xref>) and Indigenous Data Sovereignty frameworks like
  the CARE principles (Collective Authority, Responsibility, and Ethics)
  (<xref alt="Carroll, Rodriguez-Lonebear, and Martinez 2019" rid="ref-carroll2019" ref-type="bibr">Carroll,
  Rodriguez-Lonebear, and Martinez 2019</xref>;
  <xref alt="Jennings et al. 2023" rid="ref-jennings2023a" ref-type="bibr">Jennings
  et al. 2023</xref>). Adhering to CARE data management principles is
  all the more important when it comes to salmon related data given the
  socio-cultural importance of salmon to the Indigenous communities of
  the Northern Pacific and Trans-Atlantic
  (<xref alt="Ween and Colombi 2013" rid="ref-ween2013" ref-type="bibr">Ween
  and Colombi 2013</xref>;
  <xref alt="Earth Economics 2021" rid="ref-eartheconomics2021" ref-type="bibr">Earth
  Economics 2021</xref>). Large volumes of data collected through
  long-term monitoring programs hold tremendous value, especially for
  secondary users—but are often inaccessible due to a lack of time,
  resources, and incentives for data producers to publish them
  (<xref alt="LINDENMAYER et al. 2012" rid="ref-lindenmayer2012" ref-type="bibr">LINDENMAYER
  et al. 2012</xref>). Without clear support and guidance,
  well-intentioned practitioners are left with ad hoc approaches that
  limit reuse and interoperability. This gap can only be bridged by
  equipping both data producers and stewards with tools, support, and
  institutional backing to publish interoperable, machine-readable
  metadata and datasets in alignment with shared principles.</p>
  <p>A coordinated approach to stewarding salmon data should follow
  established open science standards and adhere explicitly to FAIR
  principles, tailored specifically for salmon research and management
  (<xref alt="Johnson and Stap 2024" rid="ref-johnson2024" ref-type="bibr">Johnson
  and Stap 2024</xref>). Achieving meaningful interoperability demands
  both breadth and depth. <bold>Broad interoperability</bold> integrates
  diverse scientific domains, systems, and formats, requiring
  structured, machine-readable data and metadata published openly for
  maximum discoverability. <bold>Deep interoperability</bold> demands
  precise definitions of salmon-specific terms and methods, ensuring
  data remains meaningful and usable across contexts. Salmon data
  stewards can improve conservation outcomes for salmon by coordinating
  across boundaries to develop a shared foundation of data stewardship
  practices.</p>
</sec>
<sec id="defining-data-stewardship-in-salmon-management">
  <title>DEFINING DATA STEWARDSHIP IN SALMON MANAGEMENT</title>
  <p>Data stewardship encompasses the coordinated practices, roles, and
  responsibilities necessary to effectively manage, share, and reuse
  data throughout its lifecycle. Within fisheries science, stewardship
  involves ensuring data quality, compliance with agreed-upon standards,
  and the establishment of clear governance to guide data collection,
  documentation, integration, and preservation. However, salmon data
  stewardship goes beyond mere technical data management; it involves
  actively facilitating collaboration, communication, and
  consensus-building among data producers and users across multiple
  institutions and jurisdictions.</p>
  <p>Specifically, effective salmon data stewards perform several
  critical functions:</p>
  <list list-type="bullet">
    <list-item>
      <p><bold>Technical oversight</bold>: Ensuring metadata
      completeness, adherence to standardized terminologies and
      vocabularies, and robust quality assurance protocols.</p>
    </list-item>
    <list-item>
      <p><bold>Social and organizational facilitation</bold>: Leading
      stakeholder engagement, capacity-building activities, and
      negotiation of data access and sharing agreements, including
      addressing Indigenous Peoples’ rights and interests in data
      governance.</p>
    </list-item>
    <list-item>
      <p><bold>Institutional advocacy</bold>: Championing the
      institutional recognition of data stewardship roles, promoting
      sustained investment and dedicated resources for data management
      infrastructure and practices.</p>
    </list-item>
  </list>
  <p>A user-centered design approach to salmon data stewardship is
  critical and focuses on creating tools that align with biologists’
  needs. Data stewards play a critical role as business analysts,
  bridging the gap between biologists and IT by translating data needs
  into application or data system features. When data management is
  separated from biologists, accountability weakens, and quality issues
  go unnoticed. While IT expertise is essential for infrastructure and
  security, effective data system design requires IT to act as an
  enabler, rather than gatekeeper, provisioning self-serve data
  infrastructure. The Data Steward, serving as a translator between IT
  and biologists, enables biologists to engage independently with data
  systems, fostering ownership and accountability and ultimately
  improving data quality for research and management.</p>
  <p>Dedicated stewardship roles empower salmon biologists to bridge
  disciplinary divides and jurisdictional barriers, transforming
  fragmented datasets into cohesive, interoperable resources. By
  proactively defining, implementing, and maintaining data standards and
  workflows, salmon data stewards create conditions for timely,
  accurate, and reproducible analyses. Such stewardship positions salmon
  biologists to better inform adaptive management decisions, ultimately
  strengthening salmon conservation and resilience.</p>
</sec>
<sec id="case-study-updating-pacific-wide-sockeye-productivity-what-agencies-could-do-now">
  <title>CASE STUDY — UPDATING PACIFIC WIDE SOCKEYE PRODUCTIVITY: WHAT
  AGENCIES COULD DO NOW</title>
  <p>This case study revisits a pacific coast wide sockeye productivity
  dataset assembled from diverse agency sources by academic researchers
  (<xref alt="Peterman and Dorner 2012" rid="ref-peterman2012" ref-type="bibr">Peterman
  and Dorner 2012</xref>). We reflect not on the significant work the
  research team accomplished, but rather on the preventable
  institutional and technical barriers that impeded their work—and
  continue to burden data updates and reuse efforts today. Their study
  examined productivity trends across 64 sockeye salmon stocks spanning
  Washington, British Columbia (B.C.), and Alaska. However, attempting
  to replicate or build upon this analysis today is an arduous,
  time-consuming, and error-prone endeavour due to fragmented data
  sources, inconsistent formats, and lack of standardized practices
  among the key institutions involved: the Washington Department of Fish
  and Wildlife (WDFW), Fisheries and Oceans Canada (DFO), and the Alaska
  Department of Fish and Game (ADF&amp;G).</p>
  <p>Each section below highlights a key challenge faced by the team and
  proposes practical steps based on our best practices that data-holding
  agencies could do to enable easier integration, validation, and
  updating of salmon datasets across jurisdictions and decades. This
  case study illustrates how implementing the foundational concepts and
  practical recommendations outlined in this paper can transform data
  stewardship practices within these organizations. By doing so, they
  can significantly enhance data accessibility, quality, and
  interoperability—ultimately enabling more efficient and accurate
  analyses that support salmon conservation and management.</p>
  <sec id="challenge-1-interpreting-the-data-what-do-these-numbers-actually-mean">
    <title>Challenge 1: Interpreting the Data — What do these numbers
    actually mean?</title>
    <p>Peterman’s team frequently worked with datasets that lacked basic
    contextual information. Fields such as “year,” “return,” or “age
    class” were often undefined or inconsistently used. For example,
    some datasets recorded returns by calendar year while others used
    brood year, and few included metadata to clarify the distinction. In
    many cases, the team had to reconstruct metadata by back-checking
    against reports or simulating assumptions (e.g., about age
    structure) to interpret the data correctly.</p>
    <p><bold>Remedies:</bold></p>
    <list list-type="bullet">
      <list-item>
        <p><bold>Best Practice 4. Use Shared Data Models, Vocabularies
        and Metadata to Enable Integration.</bold> To prevent this kind
        of ambiguity, agencies can now adopt internationally recognized
        metadata schemas such as ISO 19115 or Ecological Metadata
        Language, data models (Darwin Core Data Package) to model age
        and age type data concepts, and use controlled vocabularies to
        restrict the permissible values in the age field to calendar
        year, brood year, or otherwise.</p>
      </list-item>
      <list-item>
        <p><bold>Best Practice 3: Make Data, People, Projects, and
        Outputs Discoverable, Linked and Citable with Persistent
        Identifiers (PIDs).</bold> Assigning PIDs such as digital object
        identifiers (DOIs) to protocols, methods, and people (via
        ORCIDs) and linking them together using data stores and
        catalogues links data to its provenance and ensures that
        methods, context, and interpretation decisions are
        traceable.</p>
      </list-item>
    </list>
  </sec>
  <sec id="challenge-2-accessing-and-using-the-data-where-is-it-stored-and-how-do-i-get-it">
    <title>Challenge 2: Accessing and Using the Data — Where is it
    stored, and how do I get it?</title>
    <p>The Peterman dataset was compiled from multiple files scattered
    across email inboxes, regional offices, and gray literature. Data
    were stored in inconsistent formats, lacked clear versioning, and
    were difficult to discover outside of specific research networks.
    Even today, no API or structured access mechanism exists to update
    or query the data programmatically. As a result, researchers hoping
    to build on the dataset may have to start from scratch.</p>
    <p><bold>Remedies:</bold></p>
    <list list-type="bullet">
      <list-item>
        <p><bold>Best Practice 5: Store Data in Ways That Others Can
        Easily Access and Use
        </bold>Agencies can use open-access data repositories or their
        own institutional data repositories or catalogues that make data
        discoverable using PIDs and provide programmatic access to data
        possible using Application Programming Interfaces.</p>
      </list-item>
      <list-item>
        <p><bold>Best Practice 2: Reuse Proven Infrastructure to Save
        Time and Increase Interoperability
        </bold>Rather than developing bespoke data catalogues or
        repositories, agencies should adopt existing catalogues used
        beyond their own institution such as the Ocean Biodiversity
        Information System, Zenodo, or the Knowledge Network for
        Biocomplexity). These are proven platforms with a broad user
        base that support persistent storage, discoverability, and
        interoperability.</p>
      </list-item>
    </list>
  </sec>
  <sec id="challenge-3-sustaining-the-dataset-who-is-responsible-and-why-should-i-contribute">
    <title>Challenge 3: Sustaining the Dataset — Who is responsible, and
    why should I contribute?</title>
    <p>Once Peterman and his team completed their analysis, no formal
    plan existed for sustaining or updating the dataset. Responsibility
    for ongoing maintenance fell informally to former students and
    collaborators. Despite its national and international relevance, the
    dataset was never adopted by an agency as a living product.
    Moreover, the original data contributors often lacked incentives,
    support, or recognition for their efforts—conditions that persist in
    many data environments today.</p>
    <p><bold>Remedies:</bold></p>
    <list list-type="bullet">
      <list-item>
        <p><bold>Best Practice 1: Make Data Governance Explicit to
        Support Trust and Reuse
        </bold>Agencies should define roles, responsibilities, and
        decision-making processes through formal governance mechanisms
        such as data product charters.
        <italic>Practical application:</italic> Use a DACI or RACI
        framework to assign maintenance responsibility and ensure
        continuity across staff turnover and institutional change.</p>
      </list-item>
      <list-item>
        <p><bold>Best Practice 6: Incentivize and Track Data Sharing and
        Reuse
        </bold>Visibility, credit, and metrics are critical for
        motivating data sharing. Agencies can embed citation guidance in
        metadata and track dataset reuse through COUNTER-compliant
        dashboards or DataCite APIs.</p>
      </list-item>
      <list-item>
        <p><bold>Best Practice 7: Build Community Through Co-Development
        and Mutual Benefit
        </bold> Effective data stewardship requires collaboration
        between biologists, Indigenous communities, managers, and data
        professionals. Participatory design ensures that systems and
        standards meet user needs and are adopted over time.
        <italic>Practical application:</italic> Facilitate
        cross-jurisdictional working groups to co-develop data standards
        and align on shared outcomes for priority datasets.</p>
      </list-item>
    </list>
    <p>While the analytical contribution of the Peterman productivity
    dataset remains significant, the barriers encountered in compiling,
    interpreting, and maintaining the data are instructive. These
    challenges are not unique to Peterman’s team—they reflect systemic
    gaps in data governance, documentation, infrastructure, and
    incentives. By adopting the seven best practices outlined above,
    agencies and researchers can transform legacy datasets into living
    resources, enabling reproducibility, easing collaboration, and
    accelerating insight across the salmon research and management
    community.</p>
  </sec>
</sec>
<sec id="table-1.-best-practices-for-salmon-data-stewardship">
  <title>Table 1. Best Practices for Salmon Data Stewardship</title>
  <table-wrap>
    <table>
      <colgroup>
        <col width="21%" />
        <col width="48%" />
        <col width="31%" />
      </colgroup>
      <thead>
        <tr>
          <th align="left"><bold>Best Practice</bold></th>
          <th align="left"><bold>Summary</bold></th>
          <th><bold>Practical Applications</bold></th>
        </tr>
      </thead>
      <tbody>
        <tr>
          <td align="left">1. Make Data Governance Explicit to Support
          Trust and Reuse</td>
          <td align="left">Establishing clear governance structures
          ensures quality, accountability, and compliance with FAIR and
          CARE principles. It enables trust and long-term stewardship
          across multi-organizational projects.</td>
          <td>- Document roles and responsibilities using a Data Product
          Governance Charter and structured frameworks (e.g., DACI or
          RACI).<break/>- Integrate CARE principles to respect
          Indigenous data rights.<break/>- Form a governance or
          oversight committee to review data structures, timelines, and
          agreements.</td>
        </tr>
        <tr>
          <td align="left">2. Reuse Proven Infrastructure to Save Time
          and Increase Interoperability</td>
          <td align="left">Leveraging existing platforms and
          technologies reduces costs and improves long-term
          interoperability and sustainability.</td>
          <td>- Use domain-specific repositories like OBIS or
          GBIF.<break/>- Publish and archive data with KNB or
          Zenodo.</td>
        </tr>
        <tr>
          <td align="left">3. Make Data, People, Projects, and Outputs
          Discoverable, Linked and Citable with PIDs</td>
          <td align="left">Persistent identifiers (PIDs) connect data
          with researchers, institutions, and outputs—supporting data
          citation, reuse, and automated attribution.</td>
          <td>- Encourage use of ORCID iDs for researchers.<break/>- Use
          ROR IDs for institutions.<break/>- Assign DOIs via DataCite
          for data packages.<break/>- Embed DOIs in dashboards and
          metadata.</td>
        </tr>
        <tr>
          <td align="left">4. Use Shared Data Models, Vocabularies and
          Metadata to Enable Integration</td>
          <td align="left">Common vocabularies, metadata standards, and
          ontologies support integration across systems and preserve
          semantic meaning.</td>
          <td>- Adopt ISO 19115, EML, or DataCite metadata
          standards.<break/>- Model datasets using the Darwin Core Data
          Package.<break/>- Use controlled vocabularies or ontologies
          with PIDs.</td>
        </tr>
        <tr>
          <td align="left">5. Store Data in Ways That Others Can Easily
          Access and Use</td>
          <td align="left">Structured and accessible data formats ensure
          usability, reduce wrangling, and support integration with
          analytical tools and applications.</td>
          <td>- Provide APIs using FastAPI, Flask, or Django
          REST.<break/>- Archive in trusted repositories (e.g., GBIF,
          FRDR, USGS).<break/>- Use GitHub-Zenodo for DOI assignment and
          preservation.</td>
        </tr>
        <tr>
          <td align="left">6. Incentivize and Track Data Sharing and
          Reuse</td>
          <td align="left">Recognizing data contributors and tracking
          reuse promotes a culture of sharing and supports professional
          recognition.</td>
          <td>- License data with CC-BY 4.0.<break/>- Include citation
          text and visible credit fields.<break/>- Use COUNTER metrics
          and DataCite APIs to monitor reuse.<break/>- Encourage dataset
          citation in references.</td>
        </tr>
        <tr>
          <td align="left">7. Build Community Through Co-Development and
          Mutual Benefit</td>
          <td align="left">Engaging users early ensures tools and
          standards meet real-world needs and enhances long-term
          stewardship.</td>
          <td>- Participate in RDA Salmon Interest Group.<break/>-
          Facilitate workshops for metadata and vocabulary
          alignment.<break/>- Support community-engaged research with
          tangible benefits.</td>
        </tr>
      </tbody>
    </table>
  </table-wrap>
  <sec id="conclusion">
    <title>CONCLUSION</title>
    <p>We envision a future where salmon data are not locked in filing
    cabinets, buried in PDFs, or hidden in siloed spreadsheets, but
    instead flow seamlessly through a well-stewarded digital ecosystem.
    In this future, field biologists, Indigenous guardians, modelers,
    and policymakers interact with a living knowledge system—one that is
    transparent, discoverable, interoperable, and constantly evolving.
    Metadata standards, controlled vocabularies, and shared governance
    frameworks are not afterthoughts but integral to the culture of data
    collection and use. Scientists receive credit for publishing
    high-quality data, and users trust the provenance and structure of
    the datasets they rely on to make critical management decisions.</p>
    <p>The process of aggregating and understanding salmon data has been
    fraught with challenges, from the complex life histories of the
    species, changing habitat conditions, and human effects to the
    jurisdictional and institutional silos that obstruct coordination.
    Salmon traverse political and ecosystem boundaries, yet our data
    systems often do not. The need of the hour is a strategy that is
    simple, flexible, and coordinated—one that embraces the FAIR
    principles while integrating the CARE principles to honor the
    sovereignty and knowledge systems of Indigenous communities.</p>
    <p>In the face of accelerating environmental change and rapid
    technological innovation, a transformative opportunity exists: to
    harness fragmented and heterogeneous datasets and translate them
    into standardized, interoperable data products. These
    products—rooted in community-endorsed standards and supported by
    persistent infrastructure—will allow researchers and resource
    managers to adopt data-intensive analytical approaches, automate
    updates to population indicators, and integrate diverse datasets
    into real-time decision-support tools. This marks a critical step
    toward transitioning salmon science into the “Fourth Paradigm” of
    discovery(<xref alt="Hey 2012" rid="ref-hey2012" ref-type="bibr">Hey
    2012</xref>): one driven by data-intensive, cross-disciplinary
    synthesis.</p>
  </sec>
  <sec id="competing-interests">
    <title>Competing interests</title>
    <p>A competing interests statement is required for all papers
    accepted by and published in <italic>Scientific Data</italic>. If
    there is no conflict of interest, a statement declaring this must
    still be included in the manuscript.</p>
  </sec>
  <sec id="acknowledgements">
    <title>Acknowledgements</title>
  </sec>
  <sec id="references">
    <title>References</title>
    <ref-list>
      <ref id="ref-bull2022">
        <element-citation publication-type="article-journal">
          <person-group person-group-type="author">
            <name><surname>Bull</surname><given-names>C D</given-names></name>
            <name><surname>Gregory</surname><given-names>S D</given-names></name>
            <name><surname>Rivot</surname><given-names>E</given-names></name>
            <name><surname>Sheehan</surname><given-names>T F</given-names></name>
            <name><surname>Ensing</surname><given-names>D</given-names></name>
            <name><surname>Woodward</surname><given-names>G</given-names></name>
            <name><surname>Crozier</surname><given-names>W</given-names></name>
          </person-group>
          <article-title>The likely suspects framework: the need for a life cycle approach for managing Atlantic salmon (Salmo salar) stocks across multiple scales</article-title>
          <source>ICES Journal of Marine Science</source>
          <person-group person-group-type="editor">
            <name><surname>Flannery</surname><given-names>Wesley</given-names></name>
          </person-group>
          <year iso-8601-date="2022-06-08">2022</year><month>06</month><day>08</day>
          <volume>79</volume>
          <issue>5</issue>
          <uri>http://dx.doi.org/10.1093/icesjms/fsac099</uri>
          <pub-id pub-id-type="doi">10.1093/icesjms/fsac099</pub-id>
          <fpage>1445</fpage>
          <lpage>1456</lpage>
        </element-citation>
      </ref>
      <ref id="ref-johnson2024">
        <element-citation publication-type="article-journal">
          <person-group person-group-type="author">
            <name><surname>Johnson</surname><given-names>Brett</given-names></name>
            <name><surname>Stap</surname><given-names>Tim van der</given-names></name>
          </person-group>
          <article-title>Data mobilization through the international year of the salmon ocean observing system</article-title>
          <source>North Pacific Anadromous Fish Commission Bulletin</source>
          <year iso-8601-date="2024-12-05">2024</year><month>12</month><day>05</day>
          <uri>http://dx.doi.org/10.23849/npafcb7/6a4ddpde4</uri>
          <pub-id pub-id-type="doi">10.23849/npafcb7/6a4ddpde4</pub-id>
        </element-citation>
      </ref>
      <ref id="ref-marmorek2011">
        <element-citation publication-type="report">
          <person-group person-group-type="author">
            <name><surname>Marmorek</surname><given-names>David</given-names></name>
            <name><surname>Pickard</surname><given-names>Darcy</given-names></name>
            <name><surname>Hall</surname><given-names>Alexander</given-names></name>
            <name><surname>Bryan</surname><given-names>Katherine</given-names></name>
            <name><surname>Martell</surname><given-names>Liz</given-names></name>
            <name><surname>Alexander</surname><given-names>Clint</given-names></name>
            <name><surname>Wieckowski</surname><given-names>Katherine</given-names></name>
            <name><surname>Greig</surname><given-names>Lorne</given-names></name>
            <name><surname>Schwarz</surname><given-names>Carl</given-names></name>
          </person-group>
          <article-title>Cohen Commision Technical Report 6-Fraser River sockeye salmon: data synthesis and cumulative impacts</article-title>
          <publisher-loc>Vancouver, B.C.</publisher-loc>
          <year iso-8601-date="2011-04">2011</year><month>04</month>
          <uri>http://www.cohencommission.ca/</uri>
          <fpage>273</fpage>
          <lpage></lpage>
        </element-citation>
      </ref>
      <ref id="ref-wilkinson2016">
        <element-citation publication-type="article-journal">
          <person-group person-group-type="author">
            <name><surname>Wilkinson</surname><given-names>Mark D.</given-names></name>
            <name><surname>Dumontier</surname><given-names>Michel</given-names></name>
            <name><surname>Aalbersberg</surname><given-names>IJsbrand Jan</given-names></name>
            <name><surname>Appleton</surname><given-names>Gabrielle</given-names></name>
            <name><surname>Axton</surname><given-names>Myles</given-names></name>
            <name><surname>Baak</surname><given-names>Arie</given-names></name>
            <name><surname>Blomberg</surname><given-names>Niklas</given-names></name>
            <name><surname>Boiten</surname><given-names>Jan-Willem</given-names></name>
            <name><surname>Silva Santos</surname><given-names>Luiz Bonino da</given-names></name>
            <name><surname>Bourne</surname><given-names>Philip E.</given-names></name>
            <name><surname>Bouwman</surname><given-names>Jildau</given-names></name>
            <name><surname>Brookes</surname><given-names>Anthony J.</given-names></name>
            <name><surname>Clark</surname><given-names>Tim</given-names></name>
            <name><surname>Crosas</surname><given-names>Mercè</given-names></name>
            <name><surname>Dillo</surname><given-names>Ingrid</given-names></name>
            <name><surname>Dumon</surname><given-names>Olivier</given-names></name>
            <name><surname>Edmunds</surname><given-names>Scott</given-names></name>
            <name><surname>Evelo</surname><given-names>Chris T.</given-names></name>
            <name><surname>Finkers</surname><given-names>Richard</given-names></name>
            <name><surname>Gonzalez-Beltran</surname><given-names>Alejandra</given-names></name>
            <name><surname>Gray</surname><given-names>Alasdair J. G.</given-names></name>
            <name><surname>Groth</surname><given-names>Paul</given-names></name>
            <name><surname>Goble</surname><given-names>Carole</given-names></name>
            <name><surname>Grethe</surname><given-names>Jeffrey S.</given-names></name>
            <name><surname>Heringa</surname><given-names>Jaap</given-names></name>
            <name><surname>’t Hoen</surname><given-names>Peter A. C</given-names></name>
            <name><surname>Hooft</surname><given-names>Rob</given-names></name>
            <name><surname>Kuhn</surname><given-names>Tobias</given-names></name>
            <name><surname>Kok</surname><given-names>Ruben</given-names></name>
            <name><surname>Kok</surname><given-names>Joost</given-names></name>
            <name><surname>Lusher</surname><given-names>Scott J.</given-names></name>
            <name><surname>Martone</surname><given-names>Maryann E.</given-names></name>
            <name><surname>Mons</surname><given-names>Albert</given-names></name>
            <name><surname>Packer</surname><given-names>Abel L.</given-names></name>
            <name><surname>Persson</surname><given-names>Bengt</given-names></name>
            <name><surname>Rocca-Serra</surname><given-names>Philippe</given-names></name>
            <name><surname>Roos</surname><given-names>Marco</given-names></name>
            <name><surname>Schaik</surname><given-names>Rene van</given-names></name>
            <name><surname>Sansone</surname><given-names>Susanna-Assunta</given-names></name>
            <name><surname>Schultes</surname><given-names>Erik</given-names></name>
            <name><surname>Sengstag</surname><given-names>Thierry</given-names></name>
            <name><surname>Slater</surname><given-names>Ted</given-names></name>
            <name><surname>Strawn</surname><given-names>George</given-names></name>
            <name><surname>Swertz</surname><given-names>Morris A.</given-names></name>
            <name><surname>Thompson</surname><given-names>Mark</given-names></name>
            <name><surname>Lei</surname><given-names>Johan van der</given-names></name>
            <name><surname>Mulligen</surname><given-names>Erik van</given-names></name>
            <name><surname>Velterop</surname><given-names>Jan</given-names></name>
            <name><surname>Waagmeester</surname><given-names>Andra</given-names></name>
            <name><surname>Wittenburg</surname><given-names>Peter</given-names></name>
            <name><surname>Wolstencroft</surname><given-names>Katherine</given-names></name>
            <name><surname>Zhao</surname><given-names>Jun</given-names></name>
            <name><surname>Mons</surname><given-names>Barend</given-names></name>
          </person-group>
          <article-title>The FAIR Guiding Principles for scientific data management and stewardship</article-title>
          <source>Scientific Data</source>
          <year iso-8601-date="2016-03-15">2016</year><month>03</month><day>15</day>
          <volume>3</volume>
          <issue>1</issue>
          <uri>https://www.nature.com/articles/sdata201618</uri>
          <pub-id pub-id-type="doi">10.1038/sdata.2016.18</pub-id>
          <fpage>160018</fpage>
          <lpage></lpage>
        </element-citation>
      </ref>
      <ref id="ref-carroll2019">
        <element-citation publication-type="article-journal">
          <person-group person-group-type="author">
            <name><surname>Carroll</surname><given-names>Stephanie Russo</given-names></name>
            <name><surname>Rodriguez-Lonebear</surname><given-names>Desi</given-names></name>
            <name><surname>Martinez</surname><given-names>Andrew</given-names></name>
          </person-group>
          <article-title>Indigenous data governance: Strategies from united states native nations</article-title>
          <source>Data Science Journal</source>
          <year iso-8601-date="2019-07-08">2019</year><month>07</month><day>08</day>
          <volume>18</volume>
          <issue>1</issue>
          <uri>http://dx.doi.org/10.5334/dsj-2019-031</uri>
          <pub-id pub-id-type="doi">10.5334/dsj-2019-031</pub-id>
          <fpage>31</fpage>
          <lpage></lpage>
        </element-citation>
      </ref>
      <ref id="ref-jennings2023a">
        <element-citation publication-type="article-journal">
          <person-group person-group-type="author">
            <name><surname>Jennings</surname><given-names>Lydia</given-names></name>
            <name><surname>Anderson</surname><given-names>Talia</given-names></name>
            <name><surname>Martinez</surname><given-names>Andrew</given-names></name>
            <name><surname>Sterling</surname><given-names>Rogena</given-names></name>
            <name><surname>Chavez</surname><given-names>Dominique David</given-names></name>
            <name><surname>Garba</surname><given-names>Ibrahim</given-names></name>
            <name><surname>Hudson</surname><given-names>Maui</given-names></name>
            <name><surname>Garrison</surname><given-names>Nanibaa’ A.</given-names></name>
            <name><surname>Carroll</surname><given-names>Stephanie Russo</given-names></name>
          </person-group>
          <article-title>Applying the ‘CARE Principles for Indigenous Data Governance’ to ecology and biodiversity research</article-title>
          <source>Nature Ecology &amp; Evolution</source>
          <year iso-8601-date="2023-08-09">2023</year><month>08</month><day>09</day>
          <volume>7</volume>
          <issue>10</issue>
          <uri>http://dx.doi.org/10.1038/s41559-023-02161-2</uri>
          <pub-id pub-id-type="doi">10.1038/s41559-023-02161-2</pub-id>
          <fpage>1547</fpage>
          <lpage>1551</lpage>
        </element-citation>
      </ref>
      <ref id="ref-ween2013">
        <element-citation publication-type="article-journal">
          <person-group person-group-type="author">
            <name><surname>Ween</surname><given-names>Gro</given-names></name>
            <name><surname>Colombi</surname><given-names>Benedict</given-names></name>
          </person-group>
          <article-title>Two Rivers: The Politics of Wild Salmon, Indigenous Rights and Natural Resource Management</article-title>
          <source>Sustainability</source>
          <year iso-8601-date="2013-01-31">2013</year><month>01</month><day>31</day>
          <volume>5</volume>
          <issue>2</issue>
          <uri>http://dx.doi.org/10.3390/su5020478</uri>
          <pub-id pub-id-type="doi">10.3390/su5020478</pub-id>
          <fpage>478</fpage>
          <lpage>495</lpage>
        </element-citation>
      </ref>
      <ref id="ref-eartheconomics2021">
        <element-citation publication-type="report">
          <person-group person-group-type="author">
            <name><surname>Earth Economics</surname></name>
          </person-group>
          <article-title>The Sociocultural Significance of Pacific Salmon to Tribes and First Nations</article-title>
          <publisher-loc>Tacoma, Washington</publisher-loc>
          <year iso-8601-date="2021-06-08">2021</year><month>06</month><day>08</day>
          <uri>https://www.psc.org/wp-content/uploads/wpfd/preview_files/The-Sociocultural-Significance-of-Salmon-to-Tribes-and-First-Nations(5da9942da9fb4fe0d77eb32bd6165e43).pdf</uri>
          <fpage>73</fpage>
          <lpage></lpage>
        </element-citation>
      </ref>
      <ref id="ref-lindenmayer2012">
        <element-citation publication-type="article-journal">
          <person-group person-group-type="author">
            <name><surname>LINDENMAYER</surname><given-names>DAVID B.</given-names></name>
            <name><surname>LIKENS</surname><given-names>GENE E.</given-names></name>
            <name><surname>ANDERSEN</surname><given-names>ALAN</given-names></name>
            <name><surname>BOWMAN</surname><given-names>DAVID</given-names></name>
            <name><surname>BULL</surname><given-names>C. MICHAEL</given-names></name>
            <name><surname>BURNS</surname><given-names>EMMA</given-names></name>
            <name><surname>DICKMAN</surname><given-names>CHRIS R.</given-names></name>
            <name><surname>HOFFMANN</surname><given-names>ARY A.</given-names></name>
            <name><surname>KEITH</surname><given-names>DAVID A.</given-names></name>
            <name><surname>LIDDELL</surname><given-names>MICHAEL J.</given-names></name>
            <name><surname>LOWE</surname><given-names>ANDREW J.</given-names></name>
            <name><surname>METCALFE</surname><given-names>DANIEL J.</given-names></name>
            <name><surname>PHINN</surname><given-names>STUART R.</given-names></name>
            <name><surname>RUSSELL-SMITH</surname><given-names>JEREMY</given-names></name>
            <name><surname>THURGATE</surname><given-names>NIKKI</given-names></name>
            <name><surname>WARDLE</surname><given-names>GLENDA M.</given-names></name>
          </person-group>
          <article-title>Value of long-term ecological studies</article-title>
          <source>Austral Ecology</source>
          <year iso-8601-date="2012-02-23">2012</year><month>02</month><day>23</day>
          <volume>37</volume>
          <issue>7</issue>
          <uri>http://dx.doi.org/10.1111/j.1442-9993.2011.02351.x</uri>
          <pub-id pub-id-type="doi">10.1111/j.1442-9993.2011.02351.x</pub-id>
          <fpage>745</fpage>
          <lpage>757</lpage>
        </element-citation>
      </ref>
      <ref id="ref-peterman2012">
        <element-citation publication-type="article-journal">
          <person-group person-group-type="author">
            <name><surname>Peterman</surname><given-names>Randall M.</given-names></name>
            <name><surname>Dorner</surname><given-names>Brigitte</given-names></name>
          </person-group>
          <article-title>A widespread decrease in productivity of sockeye salmon (Oncorhynchus nerka) populations in western North America</article-title>
          <source>Canadian Journal of Fisheries and Aquatic Sciences</source>
          <person-group person-group-type="editor">
            <name><surname>Rosenfeld</surname><given-names>Jordan S.</given-names></name>
          </person-group>
          <year iso-8601-date="2012-08">2012</year><month>08</month>
          <volume>69</volume>
          <issue>8</issue>
          <uri>http://dx.doi.org/10.1139/F2012-063</uri>
          <pub-id pub-id-type="doi">10.1139/f2012-063</pub-id>
          <fpage>1255</fpage>
          <lpage>1260</lpage>
        </element-citation>
      </ref>
      <ref id="ref-groot1991">
        <element-citation publication-type="book">
          <person-group person-group-type="author">
            <name><surname>Groot</surname><given-names>Cornelis</given-names></name>
            <name><surname>Margolis</surname><given-names>L.</given-names></name>
          </person-group>
          <source>Pacific Salmon Life Histories</source>
          <publisher-name>UBC Press</publisher-name>
          <year iso-8601-date="1991-01">1991</year><month>01</month>
          <uri>https://books.google.ca/books?id=I_S0xCME0CYC</uri>
        </element-citation>
      </ref>
      <ref id="ref-inman2021">
        <element-citation publication-type="article-journal">
          <person-group person-group-type="author">
            <name><surname>Inman</surname><given-names>Sarah</given-names></name>
            <name><surname>Esquible</surname><given-names>Janessa</given-names></name>
            <name><surname>Jones</surname><given-names>Michael</given-names></name>
            <name><surname>Bechtol</surname><given-names>William</given-names></name>
            <name><surname>Connors</surname><given-names>Brendan</given-names></name>
          </person-group>
          <article-title>Opportunities and impediments for use of local data in the management of salmon fisheries</article-title>
          <source>Ecology and Society</source>
          <year iso-8601-date="2021-05-31">2021</year><month>05</month><day>31</day>
          <volume>26</volume>
          <issue>2</issue>
          <uri>https://www.ecologyandsociety.org/vol26/iss2/art26/</uri>
          <pub-id pub-id-type="doi">10.5751/ES-12117-260226</pub-id>
        </element-citation>
      </ref>
      <ref id="ref-hey2012">
        <element-citation publication-type="chapter">
          <person-group person-group-type="author">
            <name><surname>Hey</surname><given-names>Tony</given-names></name>
          </person-group>
          <article-title>The fourth paradigm  data-intensive scientific discovery</article-title>
          <publisher-name>Springer Berlin Heidelberg</publisher-name>
          <year iso-8601-date="2012">2012</year>
          <uri>http://dx.doi.org/10.1007/978-3-642-33299-9_1</uri>
          <pub-id pub-id-type="doi">10.1007/978-3-642-33299-9_1</pub-id>
          <fpage>1</fpage>
          <lpage>1</lpage>
        </element-citation>
      </ref>
    </ref-list>
  </sec>
</sec>
</body>

<back>
</back>



</article>